dataset,mean_effort_delta,ci_low,ci_high
Industry,-4.376953070175433e-06,-3.8383353497806915e-05,2.4444966611842036e-05
ETF,1.2498632467532514e-05,-9.359216168831035e-06,3.3487345811688285e-05
