short_method,crowding_mean,CVaR95_loss_mean,crowding_std,CVaR95_loss_std,order,display_method
RawNode,2.287692761421204,2.355885807979337,1.774486768667908e-05,0.0376147165551019,0,Raw node-feature learner
GS-NoPenalty,2.287685227394104,2.354633451635491,8.541798269024262e-06,0.0377968224093299,1,Feature-only contract
GraphSignal-ICL,2.2411555528640745,2.3450357632127616,0.0074664939759085,0.0371078286141497,2,Graph-penalty contract
RandomSignal-ICL,2.260157251358032,2.3426216306494334,0.0048490556511891,0.0378008620226952,3,Randomized-score contract
